{
  "sza_deg": 38.367,
  "ozone_peak_ppmv": 7.610255817642,
  "ozone_peak_alt_km": 31.0546148573909,
  "ozone_peak_p_hPa": 10.0,
  "ozone_column_DU": 369.9495735198024,
  "eup_UV_0km": 2.0659513765764004,
  "eup_UV_40km": 15.621044684230002,
  "eup_VIS_0km": 14.24234962,
  "eup_VIS_40km": 32.976325595000006,
  "eglo_UV_0km": 41.318847430577996,
  "eglo_UV_40km": 78.385787765,
  "eglo_VIS_0km": 284.84394425,
  "eglo_VIS_40km": 414.49458239999996,
  "eglo_ALL_40km": 783.073678825,
  "uv_ratio_0km": 0.05000021794043301,
  "uv_ratio_40km": 0.19928414486388496,
  "vis_ratio_0km": 0.050000535056135394,
  "vis_ratio_40km": 0.07955791702767502
}